{
  "rtime": {
    "sum": 6.491574764251709,
    "avg": 1.2983149528503417,
    "min": 1.2978332042694092,
    "p10": 1.297960638999939,
    "median": 1.29826021194458,
    "p75": 1.2985970973968506,
    "max": 1.2987961769104004,
    "count": 5
  },
  "utime": {
    "sum": 1.442639,
    "avg": 0.2885278,
    "min": 0.288319,
    "p10": 0.2883745,
    "median": 0.288511,
    "p75": 0.288639,
    "max": 0.28874,
    "count": 5
  },
  "stime": {
    "sum": 0.368072,
    "avg": 0.0736144,
    "min": 0.073363,
    "p10": 0.073435,
    "median": 0.073598,
    "p75": 0.073753,
    "max": 0.073851,
    "count": 5
  },
  "cutime": {
    "sum": 11.870034999999998,
    "avg": 2.3740069999999998,
    "min": 2.3740069999999998,
    "p10": 2.3740069999999998,
    "median": 2.3740069999999998,
    "p75": 2.3740069999999998,
    "max": 2.3740069999999998,
    "count": 5
  },
  "cstime": {
    "sum": 0.5625599999999999,
    "avg": 0.11251199999999999,
    "min": 0.112512,
    "p10": 0.112512,
    "median": 0.112512,
    "p75": 0.112512,
    "max": 0.112512,
    "count": 5
  },
  "minor_gb": {
    "sum": 0.797763966023922,
    "avg": 0.15955279320478438,
    "min": 0.1594112366437912,
    "p10": 0.15944653376936913,
    "median": 0.1595531702041626,
    "p75": 0.15962336957454681,
    "max": 0.1596943587064743,
    "count": 5
  },
  "promoted_gb": {
    "sum": 0.11223047971725464,
    "avg": 0.022446095943450928,
    "min": 0.022446095943450928,
    "p10": 0.022446095943450928,
    "median": 0.022446095943450928,
    "p75": 0.022446095943450928,
    "max": 0.022446095943450928,
    "count": 5
  },
  "major_gb": {
    "sum": 0.12497764080762863,
    "avg": 0.024995528161525726,
    "min": 0.024995528161525726,
    "p10": 0.024995528161525726,
    "median": 0.024995528161525726,
    "p75": 0.024995528161525726,
    "max": 0.024995528161525726,
    "count": 5
  },
  "allocated_gb": {
    "sum": 0.810511127114296,
    "avg": 0.16210222542285918,
    "min": 0.161960668861866,
    "p10": 0.16199596598744392,
    "median": 0.1621026024222374,
    "p75": 0.1621728017926216,
    "max": 0.1622437909245491,
    "count": 5
  },
  "minor_collections": {
    "sum": 145.0,
    "avg": 29.0,
    "min": 29.0,
    "p10": 29.0,
    "median": 29.0,
    "p75": 29.0,
    "max": 29.0,
    "count": 5
  },
  "major_collections": {
    "sum": 15.0,
    "avg": 3.0,
    "min": 3.0,
    "p10": 3.0,
    "median": 3.0,
    "p75": 3.0,
    "max": 3.0,
    "count": 5
  },
  "compactions": {
    "sum": 0.0,
    "avg": 0.0,
    "min": 0.0,
    "p10": 0.0,
    "median": 0.0,
    "p75": 0.0,
    "max": 0.0,
    "count": 5
  },
  "top_heap_gb": {
    "sum": 0.11295318603515625,
    "avg": 0.02259063720703125,
    "min": 0.02259063720703125,
    "p10": 0.02259063720703125,
    "median": 0.02259063720703125,
    "p75": 0.02259063720703125,
    "max": 0.02259063720703125,
    "count": 5
  },
  "stack_kb": {
    "sum": 1.8359375,
    "avg": 0.3671875,
    "min": 0.3671875,
    "p10": 0.3671875,
    "median": 0.3671875,
    "p75": 0.3671875,
    "max": 0.3671875,
    "count": 5
  },
  "minor_heap_kb": {
    "sum": 40960.0,
    "avg": 8192.0,
    "min": 8192.0,
    "p10": 8192.0,
    "median": 8192.0,
    "p75": 8192.0,
    "max": 8192.0,
    "count": 5
  },
  "attributes_table": {
    "num_bindings": {
      "sum": 0.0,
      "avg": 0.0,
      "min": 0.0,
      "p10": 0.0,
      "median": 0.0,
      "p75": 0.0,
      "max": 0.0,
      "count": 5
    },
    "num_buckets": {
      "sum": 80.0,
      "avg": 16.0,
      "min": 16.0,
      "p10": 16.0,
      "median": 16.0,
      "p75": 16.0,
      "max": 16.0,
      "count": 5
    },
    "max_bucket_length": {
      "sum": 0.0,
      "avg": 0.0,
      "min": 0.0,
      "p10": 0.0,
      "median": 0.0,
      "p75": 0.0,
      "max": 0.0,
      "count": 5
    }
  }
}