{
  "rtime": 1.2987961769104004,
  "utime": 0.28874,
  "stime": 0.073851,
  "cutime": 2.3740069999999998,
  "cstime": 0.112512,
  "minor_gb": 0.1596943587064743,
  "promoted_gb": 0.022446095943450928,
  "major_gb": 0.024995528161525726,
  "allocated_gb": 0.1622437909245491,
  "minor_collections": 29,
  "major_collections": 3,
  "compactions": 0,
  "top_heap_gb": 0.02259063720703125,
  "stack_kb": 0.3671875,
  "minor_heap_kb": 8192.0,
  "attributes_table": {
    "num_bindings": 0,
    "num_buckets": 16,
    "max_bucket_length": 0
  }
}