{
  "rtime": 1.2985970973968506,
  "utime": 0.288639,
  "stime": 0.073753,
  "cutime": 2.3740069999999998,
  "cstime": 0.112512,
  "minor_gb": 0.15962336957454681,
  "promoted_gb": 0.022446095943450928,
  "major_gb": 0.024995528161525726,
  "allocated_gb": 0.1621728017926216,
  "minor_collections": 29,
  "major_collections": 3,
  "compactions": 0,
  "top_heap_gb": 0.02259063720703125,
  "stack_kb": 0.3671875,
  "minor_heap_kb": 8192.0,
  "attributes_table": {
    "num_bindings": 0,
    "num_buckets": 16,
    "max_bucket_length": 0
  }
}