{
  "rtime": {
    "sum": 20.086424589157104,
    "avg": 3.347737431526184,
    "min": 0.19678997993469238,
    "p10": 0.7478855848312378,
    "median": 3.3270885944366455,
    "p75": 5.437613129615784,
    "max": 5.971001148223877,
    "count": 6
  },
  "utime": {
    "sum": 17.669813,
    "avg": 2.9449688333333337,
    "min": 0.16203700000000001,
    "p10": 0.225429,
    "median": 3.015702,
    "p75": 5.0790315,
    "max": 5.597673,
    "count": 6
  },
  "stime": {
    "sum": 0.40286,
    "avg": 0.06714333333333333,
    "min": 0.018394999999999998,
    "p10": 0.044525499999999996,
    "median": 0.07558999999999999,
    "p75": 0.07749,
    "max": 0.08487399999999999,
    "count": 6
  },
  "cutime": {
    "sum": 2.3880969999999997,
    "avg": 0.3980161666666666,
    "min": 0.002581,
    "p10": 0.002628,
    "median": 0.002713,
    "p75": 0.003062,
    "max": 2.3740069999999998,
    "count": 6
  },
  "cstime": {
    "sum": 0.125282,
    "avg": 0.020880333333333334,
    "min": 0.00187,
    "p10": 0.001968,
    "median": 0.0022630000000000003,
    "p75": 0.0032925000000000003,
    "max": 0.112512,
    "count": 6
  },
  "minor_gb": {
    "sum": 45.3557001799345,
    "avg": 7.559283363322417,
    "min": 0.1597651094198227,
    "p10": 0.21817093715071678,
    "median": 7.280691787600517,
    "p75": 13.216158714145422,
    "max": 15.26864118129015,
    "count": 6
  },
  "promoted_gb": {
    "sum": 0.23383551836013794,
    "avg": 0.03897258639335632,
    "min": 0.00391591340303421,
    "p10": 0.009863894432783127,
    "median": 0.03644422069191933,
    "p75": 0.059762533754110336,
    "max": 0.07213656604290009,
    "count": 6
  },
  "major_gb": {
    "sum": 0.2534327432513237,
    "avg": 0.04223879054188728,
    "min": 0.006346367299556732,
    "p10": 0.013073388487100601,
    "median": 0.03942660242319107,
    "p75": 0.06333395466208458,
    "max": 0.07562252879142761,
    "count": 6
  },
  "allocated_gb": {
    "sum": 45.37529740482569,
    "avg": 7.562549567470948,
    "min": 0.1623145416378975,
    "p10": 0.22066088020801544,
    "median": 7.284393720328808,
    "p75": 13.21960936114192,
    "max": 15.27236869186163,
    "count": 6
  },
  "minor_collections": {
    "sum": 5862.0,
    "avg": 977.0,
    "min": 29.0,
    "p10": 34.5,
    "median": 941.0,
    "p75": 1704.5,
    "max": 1966.0,
    "count": 6
  },
  "major_collections": {
    "sum": 57.0,
    "avg": 9.5,
    "min": 1.0,
    "p10": 2.0,
    "median": 9.0,
    "p75": 15.0,
    "max": 19.0,
    "count": 6
  },
  "compactions": {
    "sum": 0.0,
    "avg": 0.0,
    "min": 0.0,
    "p10": 0.0,
    "median": 0.0,
    "p75": 0.0,
    "max": 0.0,
    "count": 6
  },
  "top_heap_gb": {
    "sum": 0.10110855102539062,
    "avg": 0.016851425170898438,
    "min": 0.006412506103515625,
    "p10": 0.011409759521484375,
    "median": 0.018566131591796875,
    "p75": 0.018566131591796875,
    "max": 0.02259063720703125,
    "count": 6
  },
  "stack_kb": {
    "sum": 2.203125,
    "avg": 0.3671875,
    "min": 0.3671875,
    "p10": 0.3671875,
    "median": 0.3671875,
    "p75": 0.3671875,
    "max": 0.3671875,
    "count": 6
  },
  "minor_heap_kb": {
    "sum": 49152.0,
    "avg": 8192.0,
    "min": 8192.0,
    "p10": 8192.0,
    "median": 8192.0,
    "p75": 8192.0,
    "max": 8192.0,
    "count": 6
  },
  "attributes_table": {
    "num_bindings": {
      "sum": 181.0,
      "avg": 30.166666666666668,
      "min": 0.0,
      "p10": 5.0,
      "median": 38.0,
      "p75": 42.5,
      "max": 50.0,
      "count": 6
    },
    "num_buckets": {
      "sum": 160.0,
      "avg": 26.666666666666668,
      "min": 16.0,
      "p10": 16.0,
      "median": 32.0,
      "p75": 32.0,
      "max": 32.0,
      "count": 6
    },
    "max_bucket_length": {
      "sum": 19.0,
      "avg": 3.1666666666666665,
      "min": 0.0,
      "p10": 1.0,
      "median": 3.0,
      "p75": 4.0,
      "max": 6.0,
      "count": 6
    }
  }
}