{
  "rtime": 5.971001148223877,
  "utime": 5.597673,
  "stime": 0.08487399999999999,
  "cutime": 0.002716,
  "cstime": 0.002277,
  "minor_gb": 15.089333549141884,
  "promoted_gb": 0.07213656604290009,
  "major_gb": 0.07562252879142761,
  "allocated_gb": 15.092819511890411,
  "minor_collections": 1945,
  "major_collections": 19,
  "compactions": 0,
  "top_heap_gb": 0.018566131591796875,
  "stack_kb": 0.3671875,
  "minor_heap_kb": 8192.0,
  "attributes_table": {
    "num_bindings": 50,
    "num_buckets": 32,
    "max_bucket_length": 6
  }
}