{
  "rtime": 0.19678997993469238,
  "utime": 0.16203700000000001,
  "stime": 0.018394999999999998,
  "cutime": 0.003408,
  "cstime": 0.004308,
  "minor_gb": 0.27657676488161087,
  "promoted_gb": 0.00391591340303421,
  "major_gb": 0.006346367299556732,
  "allocated_gb": 0.2790072187781334,
  "minor_collections": 40,
  "major_collections": 1,
  "compactions": 0,
  "top_heap_gb": 0.006412506103515625,
  "stack_kb": 0.3671875,
  "minor_heap_kb": 8192.0,
  "attributes_table": {
    "num_bindings": 10,
    "num_buckets": 16,
    "max_bucket_length": 2
  }
}